display_label,label,severity,problem_key,impact_score,samples,apdex,avg_ms,p50_ms,p90_ms,p95_ms,p99_ms,error_rate_pct,throughput_tps,cv,stability,response_codes
Checkout,Checkout,critical,server-error-warn,2.1,6296,0.5,1824.7633418043201,1701.0,2611.5,2788.25,3020.0,3.0177890724269374,6.983892455155446,0.229,stable,"200: 6106, 500: 190"
Login,Login,acceptable,ok,2.05,2744,1.0,480.0134839650146,479.0,553.0,562.0,569.0,0.0,3.043805733314254,0.109,stable,200: 2744
Search,Search,acceptable,ok,1.75,4484,1.0,329.5831846565566,329.0,374.0,380.0,384.0,0.0,4.973915782864838,0.097,stable,200: 4484
ProductDetails,ProductDetails,acceptable,ok,1.3,4476,1.0,420.7113494191242,421.0,476.0,484.0,489.0,0.0,4.965041713671502,0.096,stable,200: 4476
