display_label,label,severity,problem_key,impact_score,samples,apdex,avg_ms,p50_ms,p90_ms,p95_ms,p99_ms,error_rate_pct,throughput_tps,cv,stability,response_codes
Checkout,Checkout,degraded,server-error-low,2.1,928,0.5959051724137931,1274.5571120689656,1222.5,1705.9,1898.0,2281.03,1.6163793103448276,1.0327393968935465,0.259,stable,"200: 913, 500: 15"
Search,Search,acceptable,ok,1.75,872,1.0,361.6961009174312,362.0,404.0,413.0,441.15999999999985,0.0,0.9704189160465222,0.094,stable,200: 872
